"","V1","V2","V3","V4","V5"
"u0004","a13182","a10871","a00072","a01084","a09681"
"u0007","a00289","a00288","a00089","a01556","a00285"
"u0009","a05391","a14986","a14987","a04496","a02300"
"u0014","a05391","a14986","a14987","a04496","a02300"
"u0016","a05391","a14986","a14987","a04496","a02300"
"u0028","a00193","a00992","a00993","a00994","a00995"
"u0032","a05391","a14986","a14987","a04496","a02300"
"u0033","a05391","a14986","a14987","a04496","a02300"
"u0034","a00416","a01118","a02236","a00390","a03264"
"u0036","a05391","a14986","a14987","a04496","a02300"
"u0038","a00065","a00498","a00982","a00229","a00088"
"u0039","a05391","a14986","a14987","a04496","a02300"
"u0040","a05391","a14986","a14987","a04496","a02300"
"u0041","a00917","a07707","a00942","a05236","a01337"
"u0042","a00453","a01727","a04495","a01396","a00981"
"u0049","a01854","a01904","a14699","a06006","a01694"
"u0052","a05391","a14986","a14987","a04496","a02300"
"u0058","a00461","a00289","a00681","a00089","a00300"
"u0062","a13182","a10871","a00072","a01084","a09681"
"u0063","a00340","a01768","a00012","a08707","a13999"
"u0064","a05391","a14986","a14987","a04496","a02300"
"u0069","a05391","a14986","a14987","a04496","a02300"
"u0070","a05391","a14986","a14987","a04496","a02300"
"u0072","a00067","a00792","a00292","a00295","a00265"
"u0075","a07759","a05254","a09677","a03739","a09678"
"u0077","a00207","a00470","a00412","a00403","a00209"
"u0079","a00304","a00157","a00889","a00544","a00292"
"u0086","a05391","a14986","a14987","a04496","a02300"
"u0095","a03176","a00615","a00173","a06123","a00289"
"u0099","a13182","a10871","a00072","a01084","a09681"
"u0101","a05391","a14986","a14987","a04496","a02300"
"u0104","a02652","a00192","a01044","a01249","a00289"
"u0105","a05391","a14986","a14987","a04496","a02300"
"u0106","a05391","a14986","a14987","a04496","a02300"
"u0115","a02862","a02842","a02864","a02865","a02867"
"u0124","a13182","a10871","a00072","a01084","a09681"
"u0133","a05391","a14986","a14987","a04496","a02300"
"u0134","a03176","a00615","a00173","a06123","a00289"
"u0136","a05391","a14986","a14987","a04496","a02300"
"u0140","a00453","a01727","a04495","a01396","a00981"
"u0146","a00289","a00229","a00089","a02092","a00323"
"u0147","a00289","a00375","a00155","a00379","a00292"
"u0151","a05391","a14986","a14987","a04496","a02300"
"u0153","a00813","a00233","a00067","a02265","a00227"
"u0158","a05391","a14986","a14987","a04496","a02300"
"u0161","a05391","a14986","a14987","a04496","a02300"
"u0168","a05391","a14986","a14987","a04496","a02300"
"u0173","a05391","a14986","a14987","a04496","a02300"
"u0176","a00416","a01118","a02236","a00390","a03264"
"u0179","a00329","a00699","a01044","a00089","a01934"
"u0184","a01854","a01904","a14699","a06006","a01694"
"u0185","a07062","a13085","a00601","a00532","a11331"
"u0187","a00416","a01118","a02236","a00390","a03264"
"u0192","a05391","a14986","a14987","a04496","a02300"
"u0194","a01098","a04044","a00418","a03046","a02018"
"u0196","a00498","a00065","a00051","a00227","a01045"
"u0198","a05391","a14986","a14987","a04496","a02300"
"u0203","a05391","a14986","a14987","a04496","a02300"
"u0206","a00813","a00233","a00067","a02265","a00227"
"u0210","a13182","a10871","a00072","a01084","a09681"
"u0212","a00340","a01768","a00012","a08707","a13999"
"u0214","a00067","a01464","a00681","a00985","a00704"
"u0218","a13182","a10871","a00072","a01084","a09681"
"u0219","a02940","a00540","a00475","a00498","a02150"
"u0225","a05391","a14986","a14987","a04496","a02300"
"u0227","a01904","a05574","a02022","a00067","a03570"
"u0229","a00344","a00499","a00349","a04548","a02959"
"u0230","a00375","a00304","a00289","a02548","a00476"
"u0232","a00289","a00288","a00089","a01556","a00285"
"u0240","a01854","a01904","a14699","a06006","a01694"
"u0241","a00453","a01727","a04495","a01396","a00981"
"u0242","a01854","a01904","a14699","a06006","a01694"
"u0243","a01904","a05574","a02022","a00067","a03570"
"u0250","a05391","a14986","a14987","a04496","a02300"
"u0254","a05391","a14986","a14987","a04496","a02300"
"u0255","a05391","a14986","a14987","a04496","a02300"
"u0259","a05391","a14986","a14987","a04496","a02300"
"u0266","a00813","a00233","a00067","a02265","a00227"
"u0268","a05391","a14986","a14987","a04496","a02300"
"u0270","a00432","a01186","a05026","a00081","a00533"
"u0273","a01854","a01904","a14699","a06006","a01694"
"u0275","a05097","a00072","a01014","a01072","a01713"
"u0282","a00614","a01110","a00188","a01369","a06730"
"u0288","a05391","a14986","a14987","a04496","a02300"
"u0289","a00207","a00470","a00412","a00403","a00209"
"u0290","a00067","a00051","a01079","a05254","a00077"
"u0291","a00344","a02467","a01459","a00364","a05032"
"u0297","a00453","a01727","a04495","a01396","a00981"
"u0302","a07759","a05254","a09677","a03739","a09678"
"u0311","a05391","a14986","a14987","a04496","a02300"
"u0313","a00917","a07707","a00942","a05236","a01337"
"u0314","a05391","a14986","a14987","a04496","a02300"
"u0315","a00453","a01727","a04495","a01396","a00981"
"u0318","a00701","a00300","a00466","a00525","a00360"
"u0319","a05391","a14986","a14987","a04496","a02300"
"u0322","a00288","a00089","a00464","a00679","a00067"
"u0324","a00917","a07707","a00942","a05236","a01337"
"u0330","a07759","a05254","a09677","a03739","a09678"
"u0333","a00067","a01464","a00681","a00985","a00704"
"u0335","a01904","a05574","a02022","a00067","a03570"
"u0341","a05391","a14986","a14987","a04496","a02300"
"u0344","a00423","a01151","a05903","a04366","a05904"
"u0346","a00207","a00470","a00412","a00403","a00209"
"u0348","a00704","a02020","a00679","a05149","a00333"
"u0351","a00329","a00699","a01044","a00089","a01934"
"u0352","a03176","a00615","a00173","a06123","a00289"
"u0360","a05391","a14986","a14987","a04496","a02300"
"u0367","a00207","a00470","a00412","a00403","a00209"
"u0369","a05391","a14986","a14987","a04496","a02300"
"u0374","a05391","a14986","a14987","a04496","a02300"
"u0377","a00503","a00942","a00188","a00821","a00917"
"u0378","a05391","a14986","a14987","a04496","a02300"
"u0380","a00289","a00375","a00155","a00379","a00292"
"u0382","a05391","a14986","a14987","a04496","a02300"
"u0386","a05391","a14986","a14987","a04496","a02300"
"u0393","a00813","a00233","a00067","a02265","a00227"
"u0394","a05391","a14986","a14987","a04496","a02300"
"u0402","a00868","a00959","a00163","a00707","a01412"
"u0407","a03673","a00053","a00432","a02270","a00080"
"u0421","a00375","a00304","a00289","a02548","a00476"
"u0426","a05391","a14986","a14987","a04496","a02300"
"u0434","a00233","a06823","a06205","a00053","a03364"
"u0443","a05391","a14986","a14987","a04496","a02300"
"u0444","a05391","a14986","a14987","a04496","a02300"
"u0450","a00614","a01110","a00188","a01369","a06730"
"u0451","a00458","a00498","a00704","a01047","a01045"
"u0452","a07062","a13085","a00601","a00532","a11331"
"u0457","a05391","a14986","a14987","a04496","a02300"
"u0462","a00453","a01727","a04495","a01396","a00981"
"u0466","a01854","a01904","a14699","a06006","a01694"
"u0471","a00813","a00233","a00067","a02265","a00227"
"u0480","a00416","a01118","a02236","a00390","a03264"
"u0482","a03176","a00615","a00173","a06123","a00289"
"u0485","a00813","a00233","a00067","a02265","a00227"
"u0488","a05391","a14986","a14987","a04496","a02300"
"u0508","a05391","a14986","a14987","a04496","a02300"
"u0510","a00486","a00285","a00680","a07613","a00288"
"u0516","a01673","a00007","a01244","a00157","a01242"
"u0519","a00917","a07707","a00942","a05236","a01337"
"u0521","a02940","a00540","a00475","a00498","a02150"
"u0529","a05391","a14986","a14987","a04496","a02300"
"u0531","a00375","a00304","a00289","a02548","a00476"
"u0533","a05391","a14986","a14987","a04496","a02300"
"u0536","a03176","a00615","a00173","a06123","a00289"
"u0541","a00163","a01412","a00614","a00562","a05175"
"u0542","a00375","a00304","a00289","a02548","a00476"
"u0552","a05391","a14986","a14987","a04496","a02300"
"u0557","a05391","a14986","a14987","a04496","a02300"
"u0562","a05391","a14986","a14987","a04496","a02300"
"u0563","a05660","a08108","a08109","a00581","a00250"
"u0566","a13182","a10871","a00072","a01084","a09681"
"u0569","a01854","a01904","a14699","a06006","a01694"
"u0570","a05391","a14986","a14987","a04496","a02300"
"u0578","a00375","a00304","a00289","a02548","a00476"
"u0580","a05391","a14986","a14987","a04496","a02300"
"u0585","a00207","a00470","a00412","a00403","a00209"
"u0586","a00340","a01768","a00012","a08707","a13999"
"u0587","a05391","a14986","a14987","a04496","a02300"
"u0592","a00190","a00051","a00292","a01788","a08366"
"u0606","a00453","a01727","a04495","a01396","a00981"
"u0608","a05391","a14986","a14987","a04496","a02300"
"u0611","a01062","a04308","a00443","a00997","a04704"
"u0618","a05391","a14986","a14987","a04496","a02300"
"u0622","a00453","a01727","a04495","a01396","a00981"
"u0624","a00813","a00233","a00067","a02265","a00227"
"u0627","a00917","a07707","a00942","a05236","a01337"
"u0628","a00813","a00233","a00067","a02265","a00227"
"u0629","a00453","a01727","a04495","a01396","a00981"
"u0632","a00289","a00375","a00155","a00379","a00292"
"u0636","a01854","a01904","a14699","a06006","a01694"
"u0637","a01351","a00198","a00922","a00917","a08769"
"u0639","a05391","a14986","a14987","a04496","a02300"
"u0641","a01047","a00377","a01186","a00405","a05746"
"u0644","a05391","a14986","a14987","a04496","a02300"
"u0646","a01854","a01904","a14699","a06006","a01694"
"u0647","a00453","a01727","a04495","a01396","a00981"
"u0656","a07062","a13085","a00601","a00532","a11331"
"u0657","a05391","a14986","a14987","a04496","a02300"
"u0658","a05391","a14986","a14987","a04496","a02300"
"u0659","a01904","a05574","a02022","a00067","a03570"
"u0665","a13182","a10871","a00072","a01084","a09681"
"u0669","a07759","a05254","a09677","a03739","a09678"
"u0674","a00329","a00699","a01044","a00089","a01934"
"u0676","a00340","a01768","a00012","a08707","a13999"
"u0678","a00340","a01768","a00012","a08707","a13999"
"u0679","a05391","a14986","a14987","a04496","a02300"
"u0680","a00289","a00229","a00089","a02092","a00323"
"u0687","a03436","a00599","a08291","a00735","a00875"
"u0689","a04582","a00089","a00157","a00679","a00344"
"u0692","a01673","a00007","a01244","a00157","a01242"
"u0697","a05391","a14986","a14987","a04496","a02300"
"u0699","a00416","a01118","a02236","a00390","a03264"
"u0705","a00375","a00304","a00289","a02548","a00476"
"u0707","a00730","a02463","a09417","a09418","a09419"
"u0710","a00813","a00233","a00067","a02265","a00227"
"u0713","a00375","a00304","a00289","a02548","a00476"
"u0715","a00917","a07707","a00942","a05236","a01337"
"u0719","a00614","a01110","a00188","a01369","a06730"
"u0721","a05391","a14986","a14987","a04496","a02300"
"u0725","a05391","a14986","a14987","a04496","a02300"
"u0732","a00067","a00289","a03501","a00055","a00265"
"u0736","a07759","a05254","a09677","a03739","a09678"
"u0737","a05391","a14986","a14987","a04496","a02300"
"u0742","a05391","a14986","a14987","a04496","a02300"
"u0744","a01854","a01904","a14699","a06006","a01694"
"u0749","a00289","a00229","a00089","a02092","a00323"
"u0752","a05391","a14986","a14987","a04496","a02300"
"u0758","a05391","a14986","a14987","a04496","a02300"
"u0762","a01672","a00072","a09337","a00159","a00748"
"u0764","a00416","a01118","a02236","a00390","a03264"
"u0768","a00344","a00333","a00523","a00498","a01455"
"u0771","a09900","a00331","a02923","a00468","a00301"
"u0776","a05391","a14986","a14987","a04496","a02300"
"u0777","a05391","a14986","a14987","a04496","a02300"
"u0784","a00453","a01727","a04495","a01396","a00981"
"u0785","a00340","a01768","a00012","a08707","a13999"
"u0786","a05391","a14986","a14987","a04496","a02300"
"u0793","a01904","a05574","a02022","a00067","a03570"
"u0797","a00344","a00089","a00333","a00292","a01458"
"u0798","a05391","a14986","a14987","a04496","a02300"
"u0805","a01672","a00072","a09337","a00159","a00748"
"u0819","a00375","a00304","a00289","a02548","a00476"
"u0820","a05391","a14986","a14987","a04496","a02300"
"u0823","a05391","a14986","a14987","a04496","a02300"
"u0827","a01351","a00198","a00922","a00917","a08769"
"u0828","a00340","a01768","a00012","a08707","a13999"
"u0836","a05391","a14986","a14987","a04496","a02300"
"u0841","a01672","a00072","a09337","a00159","a00748"
"u0842","a05391","a14986","a14987","a04496","a02300"
"u0846","a04087","a00705","a00234","a03946","a00965"
"u0848","a05391","a14986","a14987","a04496","a02300"
"u0850","a00082","a00030","a03768","a01001","a10621"
"u0854","a05391","a14986","a14987","a04496","a02300"
"u0858","a01854","a01904","a14699","a06006","a01694"
"u0861","a07759","a05254","a09677","a03739","a09678"
"u0864","a01854","a01904","a14699","a06006","a01694"
"u0865","a00340","a01768","a00012","a08707","a13999"
"u0869","a05391","a14986","a14987","a04496","a02300"
"u0877","a05391","a14986","a14987","a04496","a02300"
"u0884","a01854","a01904","a14699","a06006","a01694"
"u0887","a05391","a14986","a14987","a04496","a02300"
"u0889","a05391","a14986","a14987","a04496","a02300"
"u0891","a05391","a14986","a14987","a04496","a02300"
"u0893","a13182","a10871","a00072","a01084","a09681"
"u0896","a05391","a14986","a14987","a04496","a02300"
"u0897","a00340","a01768","a00012","a08707","a13999"
"u0900","a01854","a01904","a14699","a06006","a01694"
"u0903","a00503","a00942","a00188","a00821","a00917"
"u0915","a05391","a14986","a14987","a04496","a02300"
"u0916","a00375","a00304","a00289","a02548","a00476"
"u0920","a05391","a14986","a14987","a04496","a02300"
"u0922","a00813","a00233","a00067","a02265","a00227"
"u0924","a05391","a14986","a14987","a04496","a02300"
"u0927","a05391","a14986","a14987","a04496","a02300"
"u0928","a05391","a14986","a14987","a04496","a02300"
"u0929","a05391","a14986","a14987","a04496","a02300"
"u0930","a00458","a00498","a00704","a01047","a01045"
"u0934","a00340","a01768","a00012","a08707","a13999"
"u0935","a05391","a14986","a14987","a04496","a02300"
"u0948","a00813","a00233","a00067","a02265","a00227"
"u0949","a05391","a14986","a14987","a04496","a02300"
"u0950","a00917","a07707","a00942","a05236","a01337"
"u0958","a00329","a00699","a01044","a00089","a01934"
"u0963","a00067","a01464","a00681","a00985","a00704"
"u0968","a05391","a14986","a14987","a04496","a02300"
"u0977","a06724","a00220","a00715","a00227","a00511"
"u0978","a05391","a14986","a14987","a04496","a02300"
"u0979","a05391","a14986","a14987","a04496","a02300"
"u0981","a05391","a14986","a14987","a04496","a02300"
"u0984","a00288","a00089","a00464","a00679","a00067"
"u0987","a07759","a05254","a09677","a03739","a09678"
"u0989","a05391","a14986","a14987","a04496","a02300"
"u0990","a00453","a01727","a04495","a01396","a00981"
"u0993","a05391","a14986","a14987","a04496","a02300"
"u0996","a05391","a14986","a14987","a04496","a02300"
"u0997","a05391","a14986","a14987","a04496","a02300"
"u0998","a01854","a01904","a14699","a06006","a01694"
"u0999","a05391","a14986","a14987","a04496","a02300"
"u1004","a11733","a03267","a06687","a02541","a11736"
"u1005","a05391","a14986","a14987","a04496","a02300"
"u1011","a05391","a14986","a14987","a04496","a02300"
"u1012","a00329","a00699","a01044","a00089","a01934"
"u1015","a05391","a14986","a14987","a04496","a02300"
"u1019","a01854","a01904","a14699","a06006","a01694"
"u1021","a05391","a14986","a14987","a04496","a02300"
"u1027","a00289","a00288","a00089","a01556","a00285"
"u1029","a05391","a14986","a14987","a04496","a02300"
"u1034","a05391","a14986","a14987","a04496","a02300"
"u1037","a00728","a01639","a02894","a02901","a08111"
"u1041","a00340","a01768","a00012","a08707","a13999"
"u1044","a05391","a14986","a14987","a04496","a02300"
"u1047","a05391","a14986","a14987","a04496","a02300"
"u1049","a00441","a00173","a00450","a00196","a01504"
"u1052","a05391","a14986","a14987","a04496","a02300"
"u1054","a00453","a01727","a04495","a01396","a00981"
"u1055","a00329","a00699","a01044","a00089","a01934"
"u1056","a00375","a00304","a00289","a02548","a00476"
"u1057","a05391","a14986","a14987","a04496","a02300"
"u1060","a05391","a14986","a14987","a04496","a02300"
"u1063","a05391","a14986","a14987","a04496","a02300"
"u1064","a02343","a01425","a00707","a01369","a00163"
"u1067","a05391","a14986","a14987","a04496","a02300"
"u1069","a01904","a05574","a02022","a00067","a03570"
"u1078","a00340","a01768","a00012","a08707","a13999"
"u1081","a07822","a00190","a02524","a12168","a00225"
"u1085","a05391","a14986","a14987","a04496","a02300"
"u1086","a00679","a00694","a03859","a00683","a00161"
"u1097","a01098","a04044","a00418","a03046","a02018"
"u1098","a04113","a04117","a00058","a01824","a03417"
"u1100","a05391","a14986","a14987","a04496","a02300"
"u1104","a01854","a01904","a14699","a06006","a01694"
"u1108","a05391","a14986","a14987","a04496","a02300"
"u1118","a00453","a01727","a04495","a01396","a00981"
"u1120","a00468","a00285","a00288","a00289","a06389"
"u1125","a05391","a14986","a14987","a04496","a02300"
"u1130","a00813","a00233","a00067","a02265","a00227"
"u1131","a00067","a01464","a00681","a00985","a00704"
"u1133","a05391","a14986","a14987","a04496","a02300"
"u1137","a01854","a01904","a14699","a06006","a01694"
"u1140","a05391","a14986","a14987","a04496","a02300"
"u1144","a05391","a14986","a14987","a04496","a02300"
"u1145","a01854","a01904","a14699","a06006","a01694"
"u1147","a01672","a00072","a09337","a00159","a00748"
"u1148","a00813","a00233","a00067","a02265","a00227"
"u1150","a00344","a02467","a01459","a00364","a05032"
"u1151","a05391","a14986","a14987","a04496","a02300"
"u1154","a05391","a14986","a14987","a04496","a02300"
"u1158","a05391","a14986","a14987","a04496","a02300"
"u1163","a00072","a00190","a00065","a00599","a01713"
"u1164","a13182","a10871","a00072","a01084","a09681"
"u1167","a05391","a14986","a14987","a04496","a02300"
"u1170","a05391","a14986","a14987","a04496","a02300"
"u1172","a01854","a01904","a14699","a06006","a01694"
"u1173","a00416","a01118","a02236","a00390","a03264"
"u1177","a05391","a14986","a14987","a04496","a02300"
"u1187","a05391","a14986","a14987","a04496","a02300"
"u1196","a04087","a00705","a00234","a03946","a00965"
"u1198","a05391","a14986","a14987","a04496","a02300"
"u1199","a00453","a01727","a04495","a01396","a00981"
"u1210","a00051","a00072","a00159","a00511","a04313"
"u1212","a05391","a14986","a14987","a04496","a02300"
"u1213","a00813","a00233","a00067","a02265","a00227"
"u1221","a05391","a14986","a14987","a04496","a02300"
"u1224","a05391","a14986","a14987","a04496","a02300"
"u1230","a05391","a14986","a14987","a04496","a02300"
"u1231","a05391","a14986","a14987","a04496","a02300"
"u1236","a00614","a01131","a00007","a02172","a02479"
"u1237","a05391","a14986","a14987","a04496","a02300"
"u1239","a05391","a14986","a14987","a04496","a02300"
"u1240","a05391","a14986","a14987","a04496","a02300"
"u1246","a01854","a01904","a14699","a06006","a01694"
"u1290","a02277","a03110","a00316","a00961","a01383"
"u1296","a00813","a00233","a00067","a02265","a00227"
"u1299","a05391","a14986","a14987","a04496","a02300"
"u1302","a05391","a14986","a14987","a04496","a02300"
"u1310","a13756","a02786","a00498","a00289","a02467"
"u1311","a01854","a01904","a14699","a06006","a01694"
"u1312","a00329","a00699","a01044","a00089","a01934"
"u1315","a05391","a14986","a14987","a04496","a02300"
"u1316","a01854","a01904","a14699","a06006","a01694"
"u1324","a00340","a01768","a00012","a08707","a13999"
"u1325","a05391","a14986","a14987","a04496","a02300"
"u1331","a05391","a14986","a14987","a04496","a02300"
"u1332","a00289","a00229","a00089","a02092","a00323"
"u1335","a05391","a14986","a14987","a04496","a02300"
"u1337","a05391","a14986","a14987","a04496","a02300"
"u1339","a00498","a00065","a00051","a00227","a01045"
"u1340","a05391","a14986","a14987","a04496","a02300"
"u1345","a00340","a01768","a00012","a08707","a13999"
"u1347","a02864","a14013","a11885","a14014","a00683"
"u1351","a04582","a00089","a00157","a00679","a00344"
"u1357","a05391","a14986","a14987","a04496","a02300"
"u1358","a05391","a14986","a14987","a04496","a02300"
"u1362","a05391","a14986","a14987","a04496","a02300"
"u1364","a00340","a01768","a00012","a08707","a13999"
"u1365","a00375","a00304","a00289","a02548","a00476"
"u1371","a05391","a14986","a14987","a04496","a02300"
"u1372","a05391","a14986","a14987","a04496","a02300"
"u1379","a00375","a00304","a00289","a02548","a00476"
"u1381","a01854","a01904","a14699","a06006","a01694"
"u1384","a04087","a00705","a00234","a03946","a00965"
"u1393","a05391","a14986","a14987","a04496","a02300"
"u1396","a05391","a14986","a14987","a04496","a02300"
"u1397","a14306","a01346","a01810","a02013","a02343"
"u1398","a05391","a14986","a14987","a04496","a02300"
"u1403","a05391","a14986","a14987","a04496","a02300"
"u1414","a05391","a14986","a14987","a04496","a02300"
"u1426","a05391","a14986","a14987","a04496","a02300"
"u1427","a00416","a01118","a02236","a00390","a03264"
"u1428","a05391","a14986","a14987","a04496","a02300"
"u1432","a00057","a00072","a00182","a03768","a05072"
"u1435","a01854","a01904","a14699","a06006","a01694"
"u1441","a05391","a14986","a14987","a04496","a02300"
"u1442","a05391","a14986","a14987","a04496","a02300"
"u1449","a00813","a00233","a00067","a02265","a00227"
"u1458","a01685","a01684","a06121","a00067","a00295"
"u1461","a00704","a02020","a00679","a05149","a00333"
"u1462","a07759","a05254","a09677","a03739","a09678"
"u1464","a05391","a14986","a14987","a04496","a02300"
"u1466","a05391","a14986","a14987","a04496","a02300"
"u1467","a01854","a01904","a14699","a06006","a01694"
"u1472","a05391","a14986","a14987","a04496","a02300"
"u1474","a05391","a14986","a14987","a04496","a02300"
"u1478","a01098","a00288","a00306","a00290","a01034"
"u1486","a00159","a00203","a01083","a00599","a00072"
"u1489","a07759","a05254","a09677","a03739","a09678"
"u1495","a00173","a15122","a00206","a03028","a11604"
"u1496","a13182","a10871","a00072","a01084","a09681"
"u1499","a05391","a14986","a14987","a04496","a02300"
"u1500","a05391","a14986","a14987","a04496","a02300"
"u1502","a00813","a00233","a00067","a02265","a00227"
"u1503","a00813","a00233","a00067","a02265","a00227"
"u1506","a00453","a01727","a04495","a01396","a00981"
"u1508","a00453","a01727","a04495","a01396","a00981"
"u1509","a05391","a14986","a14987","a04496","a02300"
"u1511","a07759","a05254","a09677","a03739","a09678"
"u1515","a05391","a14986","a14987","a04496","a02300"
"u1516","a03176","a00615","a00173","a06123","a00289"
"u1517","a00289","a00288","a00089","a01556","a00285"
"u1532","a01904","a05574","a02022","a00067","a03570"
"u1534","a05391","a14986","a14987","a04496","a02300"
"u1541","a07062","a13085","a00601","a00532","a11331"
"u1551","a05391","a14986","a14987","a04496","a02300"
"u1555","a00375","a00304","a00289","a02548","a00476"
"u1560","a00289","a07340","a03080","a00067","a00089"
"u1567","a00679","a00694","a03859","a00683","a00161"
"u1572","a00289","a00375","a00155","a00379","a00292"
"u1576","a01854","a01904","a14699","a06006","a01694"
"u1580","a00375","a00304","a00289","a02548","a00476"
"u1583","a00453","a01727","a04495","a01396","a00981"
"u1585","a00051","a00993","a00511","a00067","a01122"
"u1586","a00918","a00707","a00917","a00952","a01337"
"u1587","a00453","a01727","a04495","a01396","a00981"
"u1589","a00813","a00233","a00067","a02265","a00227"
"u1596","a00614","a01110","a00188","a01369","a06730"
"u1606","a00289","a00229","a00089","a02092","a00323"
"u1608","a03176","a00615","a00173","a06123","a00289"
"u1615","a00220","a00227","a00982","a00536","a03078"
"u1619","a05391","a14986","a14987","a04496","a02300"
"u1623","a00453","a01727","a04495","a01396","a00981"
"u1624","a05391","a14986","a14987","a04496","a02300"
"u1634","a05391","a14986","a14987","a04496","a02300"
"u1637","a00416","a01510","a00962","a00441","a08592"
"u1640","a01351","a00198","a00922","a00917","a08769"
"u1647","a05391","a14986","a14987","a04496","a02300"
"u1648","a00067","a01464","a00681","a00985","a00704"
"u1649","a07759","a05254","a09677","a03739","a09678"
"u1653","a13182","a10871","a00072","a01084","a09681"
"u1657","a05391","a14986","a14987","a04496","a02300"
"u1658","a05391","a14986","a14987","a04496","a02300"
"u1660","a00340","a01768","a00012","a08707","a13999"
"u1667","a00071","a03046","a04037","a15947","a04385"
"u1670","a05391","a14986","a14987","a04496","a02300"
"u1671","a00614","a01110","a00188","a01369","a06730"
"u1672","a13182","a10871","a00072","a01084","a09681"
"u1675","a05391","a14986","a14987","a04496","a02300"
"u1680","a05391","a14986","a14987","a04496","a02300"
"u1688","a00453","a01727","a04495","a01396","a00981"
"u1690","a05391","a14986","a14987","a04496","a02300"
"u1693","a00289","a04350","a00288","a00300","a00333"
"u1704","a00468","a00285","a00288","a00289","a06389"
"u1707","a00340","a01768","a00012","a08707","a13999"
"u1708","a05391","a14986","a14987","a04496","a02300"
"u1710","a05391","a14986","a14987","a04496","a02300"
"u1712","a00614","a01110","a00188","a01369","a06730"
"u1717","a00289","a00375","a00155","a00379","a00292"
"u1719","a05391","a14986","a14987","a04496","a02300"
"u1721","a05391","a14986","a14987","a04496","a02300"
"u1722","a00067","a01464","a00681","a00985","a00704"
"u1726","a05391","a14986","a14987","a04496","a02300"
"u1731","a05391","a14986","a14987","a04496","a02300"
"u1749","a04087","a00705","a00234","a03946","a00965"
"u1751","a00173","a15122","a00206","a03028","a11604"
"u1757","a00704","a02020","a00679","a05149","a00333"
"u1759","a05391","a14986","a14987","a04496","a02300"
"u1762","a00329","a00699","a01044","a00089","a01934"
"u1764","a05391","a14986","a14987","a04496","a02300"
"u1772","a04087","a00705","a00234","a03946","a00965"
"u1773","a00055","a00089","a00288","a00292","a00310"
"u1777","a13182","a10871","a00072","a01084","a09681"
"u1780","a00289","a00229","a00089","a02092","a00323"
"u1781","a05391","a14986","a14987","a04496","a02300"
"u1785","a00498","a00065","a00051","a00227","a01045"
"u1789","a05391","a14986","a14987","a04496","a02300"
"u1790","a01854","a01904","a14699","a06006","a01694"
"u1791","a01854","a01904","a14699","a06006","a01694"
"u1792","a00614","a01110","a00188","a01369","a06730"
"u1794","a05391","a14986","a14987","a04496","a02300"
"u1795","a05391","a14986","a14987","a04496","a02300"
"u1796","a05391","a14986","a14987","a04496","a02300"
"u1798","a01672","a00072","a09337","a00159","a00748"
"u1799","a01854","a01904","a14699","a06006","a01694"
"u1806","a00453","a01727","a04495","a01396","a00981"
"u1813","a07759","a05254","a09677","a03739","a09678"
"u1814","a05391","a14986","a14987","a04496","a02300"
"u1819","a00468","a00285","a00288","a00289","a06389"
"u1821","a00329","a00699","a01044","a00089","a01934"
"u1822","a01351","a00198","a00922","a00917","a08769"
"u1825","a00704","a02020","a00679","a05149","a00333"
"u1827","a05391","a14986","a14987","a04496","a02300"
"u1830","a00439","a02544","a00903","a01044","a00154"
"u1831","a00453","a01727","a04495","a01396","a00981"
"u1838","a05391","a14986","a14987","a04496","a02300"
"u1840","a05391","a14986","a14987","a04496","a02300"
"u1841","a05391","a14986","a14987","a04496","a02300"
"u1842","a00813","a00233","a00067","a02265","a00227"
"u1854","a05391","a14986","a14987","a04496","a02300"
"u1856","a05391","a14986","a14987","a04496","a02300"
"u1858","a05391","a14986","a14987","a04496","a02300"
"u1864","a05391","a14986","a14987","a04496","a02300"
"u1872","a02940","a00540","a00475","a00498","a02150"
"u1896","a05391","a14986","a14987","a04496","a02300"
"u1897","a05391","a14986","a14987","a04496","a02300"
"u1902","a05391","a14986","a14987","a04496","a02300"
"u1905","a05391","a14986","a14987","a04496","a02300"
"u1908","a01904","a05574","a02022","a00067","a03570"
"u1911","a00453","a01727","a04495","a01396","a00981"
"u1912","a05391","a14986","a14987","a04496","a02300"
"u1917","a00089","a00290","a04814","a17606","a00288"
"u1920","a05391","a14986","a14987","a04496","a02300"
"u1921","a02940","a00540","a00475","a00498","a02150"
"u1922","a00173","a15122","a00206","a03028","a11604"
"u1924","a00498","a00370","a00486","a00154","a00359"
"u1925","a05391","a14986","a14987","a04496","a02300"
"u1929","a00416","a01118","a02236","a00390","a03264"
"u1931","a00227","a00748","a02667","a00691","a01242"
"u1946","a05391","a14986","a14987","a04496","a02300"
"u1952","a00813","a00233","a00067","a02265","a00227"
"u1958","a07062","a13085","a00601","a00532","a11331"
"u1959","a00329","a00699","a01044","a00089","a01934"
"u1961","a00294","a00344","a00327","a03318","a01459"
"u1962","a05391","a14986","a14987","a04496","a02300"
"u1969","a05391","a14986","a14987","a04496","a02300"
"u1977","a00453","a01727","a04495","a01396","a00981"
"u1979","a00329","a00699","a01044","a00089","a01934"
"u1981","a05391","a14986","a14987","a04496","a02300"
"u1982","a05391","a14986","a14987","a04496","a02300"
"u1987","a05391","a14986","a14987","a04496","a02300"
"u1992","a00453","a01727","a04495","a01396","a00981"
"u1993","a02407","a01971","a00423","a00914","a01632"
"u1997","a00813","a00233","a00067","a02265","a00227"
"u1999","a05391","a14986","a14987","a04496","a02300"
"u2000","a01444","a00475","a00527","a00331","a02919"
"u2017","a00329","a00699","a01044","a00089","a01934"
"u2022","a01854","a01904","a14699","a06006","a01694"
"u2023","a00704","a02020","a00679","a05149","a00333"
"u2034","a05391","a14986","a14987","a04496","a02300"
"u2037","a00813","a00233","a00067","a02265","a00227"
"u2040","a01854","a01904","a14699","a06006","a01694"
"u2041","a05391","a14986","a14987","a04496","a02300"
"u2042","a05391","a14986","a14987","a04496","a02300"
"u2043","a05391","a14986","a14987","a04496","a02300"
"u2047","a05391","a14986","a14987","a04496","a02300"
"u2051","a18424","a00159","a00154","a18425","a18428"
"u2052","a06150","a00717","a00163","a04675","a00227"
"u2054","a00375","a00304","a00289","a02548","a00476"
"u2055","a05391","a14986","a14987","a04496","a02300"
"u2057","a05391","a14986","a14987","a04496","a02300"
"u2059","a07759","a05254","a09677","a03739","a09678"
"u2060","a05391","a14986","a14987","a04496","a02300"
"u2062","a00498","a00065","a00051","a00227","a01045"
"u2067","a05391","a14986","a14987","a04496","a02300"
"u2068","a05391","a14986","a14987","a04496","a02300"
"u2077","a05391","a14986","a14987","a04496","a02300"
"u2087","a07759","a05254","a09677","a03739","a09678"
"u2094","a00344","a02467","a01459","a00364","a05032"
"u2095","a05391","a14986","a14987","a04496","a02300"
"u2097","a13182","a10871","a00072","a01084","a09681"
